[
  {
    "text": "The way to get started is to quit talking and begin doing.",
    "author": "Walt Disney"
  },
  {
    "text": "Your time is limited, so don't waste it living someone else's life.",
    "author": "Steve Jobs"
  },
  {
    "text": "The future depends on what you do today.",
    "author": "Mahatma Gandhi"
  },
  {
    "text": "Don't watch the clock; do what it does. Keep going.",
    "author": "Sam Levenson"
  },
  {
    "text": "Productivity is never an accident. It is always the result of a commitment to excellence, intelligent planning, and focused effort.",
    "author": "Paul J. Meyer"
  }
]